id,firstname,lastname,email,profession
100,Noelle,Taam,Noelle.Taam@yopmail.com,police officer
101,Cassandra,Fitzsimmons,Cassandra.Fitzsimmons@yopmail.com,worker
102,Mahalia,Chabot,Mahalia.Chabot@yopmail.com,worker
103,Magdalena,Wadell,Magdalena.Wadell@yopmail.com,doctor
104,Carolina,Rustice,Carolina.Rustice@yopmail.com,doctor
105,Fredericka,Hessler,Fredericka.Hessler@yopmail.com,developer
106,Aryn,Sekofski,Aryn.Sekofski@yopmail.com,doctor
107,Annecorinne,Bergman,Annecorinne.Bergman@yopmail.com,police officer
108,Morganica,Croix,Morganica.Croix@yopmail.com,police officer
109,Alex,McLaughlin,Alex.McLaughlin@yopmail.com,developer